,demand
0,200.0
1,203.40741737109317
2,213.39745962155615
3,229.28932188134524
4,250.0
5,274.11809548974793
6,300.0
7,325.88190451025207
8,350.0
9,370.71067811865476
10,386.60254037844385
11,396.5925826289068
12,400.0
13,396.5925826289068
14,386.6025403784439
15,370.71067811865476
16,350.0
17,325.8819045102521
18,300.0
19,274.11809548974793
20,250.00000000000003
21,229.2893218813453
22,213.39745962155615
23,203.40741737109317
24,200.0
25,203.40741737109317
26,213.39745962155615
27,229.28932188134524
28,249.99999999999994
29,274.1180954897478
30,300.0
31,325.8819045102521
32,350.0
33,370.71067811865476
34,386.60254037844385
35,396.5925826289068
36,400.0
37,396.5925826289068
38,386.6025403784439
39,370.7106781186547
40,350.0
41,325.88190451025207
42,300.00000000000006
43,274.118095489748
44,250.00000000000009
45,229.28932188134536
46,213.39745962155612
47,203.40741737109323
48,200.0
49,203.40741737109315
50,213.3974596215561
51,229.28932188134527
52,249.99999999999986
53,274.11809548974793
54,299.99999999999994
55,325.881904510252
56,350.00000000000006
57,370.71067811865464
58,386.6025403784439
59,396.5925826289068
60,400.0
61,396.5925826289068
62,386.6025403784439
63,370.71067811865487
64,350.0
65,325.8819045102521
66,300.0000000000002
67,274.11809548974804
68,250.0000000000001
69,229.28932188134524
70,213.3974596215562
71,203.40741737109317
72,200.0
73,203.40741737109315
74,213.39745962155615
75,229.28932188134513
76,250.0
77,274.11809548974804
78,299.99999999999994
79,325.8819045102518
80,349.9999999999999
81,370.71067811865476
82,386.6025403784438
83,396.5925826289068
84,400.0
85,396.5925826289068
86,386.60254037844385
87,370.71067811865487
88,350.00000000000034
89,325.88190451025196
90,300.0000000000001
91,274.1180954897479
92,250.0000000000001
93,229.2893218813455
94,213.39745962155624
95,203.40741737109317
96,200.0
97,203.40741737109312
98,213.39745962155598
99,229.28932188134513
100,249.99999999999997
101,274.11809548974804
102,299.9999999999999
103,325.8819045102518
104,349.9999999999999
105,370.71067811865476
106,386.6025403784439
107,396.5925826289068
108,400.0
109,396.5925826289069
110,386.60254037844385
111,370.71067811865464
112,350.00000000000006
113,325.8819045102523
114,300.0000000000001
115,274.1180954897482
116,249.99999999999983
117,229.28932188134524
118,213.39745962155627
119,203.40741737109317
120,200.0
121,203.40741737109323
122,213.39745962155615
123,229.2893218813451
124,249.99999999999994
125,274.11809548974765
126,299.99999999999955
127,325.8819045102521
128,349.99999999999983
129,370.71067811865447
130,386.60254037844373
131,396.5925826289068
132,400.0
133,396.59258262890677
134,386.602540378444
135,370.7106781186549
136,350.00000000000006
137,325.881904510252
138,299.9999999999998
139,274.11809548974827
140,250.00000000000017
141,229.28932188134527
142,213.3974596215561
143,203.40741737109312
144,200.0
145,203.40741737109312
146,213.39745962155612
147,229.28932188134485
148,250.00000000000023
149,274.11809548974765
150,299.99999999999983
151,325.88190451025207
152,349.9999999999995
153,370.710678118655
154,386.60254037844373
155,396.5925826289068
156,400.0
157,396.59258262890694
158,386.6025403784441
159,370.7106781186549
160,350.0000000000001
161,325.881904510252
162,300.0000000000005
163,274.11809548974827
164,250.0000000000002
165,229.2893218813453
166,213.3974596215561
167,203.4074173710933
